Electrolyte concentration [mol.m-3],Electrolyte diffusivity [m2.s-1]
1.131153,4.14E-11
124.121064,3.87E-11
249.37328,3.62E-11
387.618465,3.33E-11
538.734332,3.11E-11
741.699786,2.81E-11
1013.696117,2.49E-11
1272.69948,2.25E-11
1514.27698,2.14E-11
1811.953531,1.99E-11
2113.940691,1.86E-11
2320.97218,1.79E-11
2471.904616,1.76E-11
